{"cameraMode":{"drawMode":0,"name":"Shaded","section":"Shading Mode"},"sceneLighting":true,"audioPlay":false,"sceneViewState":{"showFog":true,"showMaterialUpdate":false,"showSkybox":true,"showFlares":true,"showImageEffects":true,"showParticleSystems":true,"showVisualEffectGraphs":true,"m_FxEnabled":true},"in2DMode":false,"pivot":{"x":-2.513728618621826,"y":-1.86830472946167,"z":17.870235443115236},"rotation":{"x":-0.06476417183876038,"y":-0.002397660631686449,"z":0.0001557076902827248,"w":-0.9978995323181152},"size":10.939438819885254,"orthographic":false}